{
    "mean_loss": 0.41481345891952515,
    "mean_accuracy": 0.7944954128440368,
    "mean_auprc": 0.5422214838678006,
    "mean_auroc": 0.8688877064484746,
    "std_loss": 0.029828278347849846,
    "std_accuracy": 0.01650954866609988,
    "std_auprc": 0.026560142521882234,
    "std_auroc": 0.003704642032440957
}