{
    "mean_loss": 0.43450531363487244,
    "mean_accuracy": 0.7938281901584654,
    "mean_auprc": 0.5367289233551424,
    "mean_auroc": 0.8642103021859843,
    "std_loss": 0.02105177938938141,
    "std_accuracy": 0.01286027373971401,
    "std_auprc": 0.022898688906964237,
    "std_auroc": 0.005557179412905396
}