{
    "mean_loss": 0.5247405767440796,
    "mean_accuracy": 0.7823185988323603,
    "mean_auprc": 0.38542248386924577,
    "mean_auroc": 0.7737160670808019,
    "std_loss": 0.0,
    "std_accuracy": 0.0,
    "std_auprc": 0.0,
    "std_auroc": 0.0
}