{
    "mean_loss": 0.4890665113925934,
    "mean_accuracy": 0.7626355296080066,
    "mean_auprc": 0.5292104015194503,
    "mean_auroc": 0.8583789828560364,
    "std_loss": 0.022588079795241356,
    "std_accuracy": 0.01443230585242585,
    "std_auprc": 0.020578824168491622,
    "std_auroc": 0.008940289041271773
}