{
    "mean_loss": 0.7624127268791199,
    "mean_accuracy": 0.7197664720600501,
    "mean_auprc": 0.34771133380386393,
    "mean_auroc": 0.7438960566136482,
    "std_loss": 0.0,
    "std_accuracy": 0.0,
    "std_auprc": 0.0,
    "std_auroc": 0.0
}